{
  "Version": "2012-10-17",
  "Statement": [
    {
      "Effect": "Allow",
      "Action": [
        "logs:CreateLogGroup",
        "logs:CreateLogStream",
        "logs:PutLogEvents"
      ],
      "Resource": "arn:aws:logs:*:*:*"
    },
    {
      "Effect": "Allow",
      "Action": [
        "dynamodb:PutItem",
        "dynamodb:GetItem",
        "dynamodb:Scan",
        "dynamodb:Query"
      ],
      "Resource": "arn:aws:dynamodb:*:*:table/OrdersTable"
    },
    {
      "Effect": "Allow",
      "Action": [
        "sns:Publish"
      ],
      "Resource": "arn:aws:sns:*:*:OrderNotifications"
    }
  ]
}
